,total_pnl,total_volume,trade_count,win_rate,bias,sent_num_filled
total_pnl,1.0,0.054531159597982166,0.5385361912241071,0.22598160601358785,-0.04679864800384411,-0.026442997385140755
total_volume,0.054531159597982166,1.0,0.1925573790955343,0.24972403024929207,-0.01680379482705751,0.06084075699567674
trade_count,0.5385361912241071,0.1925573790955343,1.0,0.1520326491562808,-0.03958008727965899,-0.02817326526768437
win_rate,0.22598160601358785,0.24972403024929207,0.1520326491562808,1.0,-0.26539352955900747,0.012428449326916653
bias,-0.04679864800384411,-0.01680379482705751,-0.03958008727965899,-0.26539352955900747,1.0,0.09956978832618084
sent_num_filled,-0.026442997385140755,0.06084075699567674,-0.02817326526768437,0.012428449326916653,0.09956978832618084,1.0
